{"cameraMode":{"drawMode":0,"name":"Shaded","section":"Shading Mode"},"sceneLighting":true,"audioPlay":false,"sceneViewState":{"showFog":true,"showMaterialUpdate":true,"showSkybox":true,"showFlares":true,"showImageEffects":true,"showParticleSystems":true},"in2DMode":false,"pivot":{"x":-26.353775024414064,"y":8.102753639221192,"z":-4.992946147918701},"rotation":{"x":0.005270905792713165,"y":-0.983087956905365,"z":0.02867121994495392,"w":0.18079864978790284},"size":2.7933433055877687,"orthographic":false}