{"cameraMode":{"drawMode":0,"name":"Shaded","section":"Shading Mode"},"sceneLighting":true,"audioPlay":false,"sceneViewState":{"showFog":true,"showMaterialUpdate":true,"showSkybox":true,"showFlares":true,"showImageEffects":true,"showParticleSystems":true},"in2DMode":false,"pivot":{"x":-27.160762786865236,"y":22.059158325195314,"z":0.7506828308105469},"rotation":{"x":-0.01201805379241705,"y":0.9879798889160156,"z":-0.10896775126457215,"w":-0.10898327082395554},"size":8.807390213012696,"orthographic":false}