{"cameraMode":{"drawMode":0,"name":"Shaded","section":"Shading Mode"},"sceneLighting":false,"audioPlay":false,"sceneViewState":{"showFog":true,"showMaterialUpdate":true,"showSkybox":true,"showFlares":true,"showImageEffects":true,"showParticleSystems":true},"in2DMode":false,"pivot":{"x":-0.15638242661952973,"y":-0.008215460926294327,"z":-0.2524014711380005},"rotation":{"x":0.21363919973373414,"y":0.7668244242668152,"z":-0.3181792199611664,"w":0.5148793458938599},"size":2.8578836917877199,"orthographic":false}