{"cameraMode":{"drawMode":0,"name":"Shaded","section":"Shading Mode"},"sceneLighting":true,"audioPlay":false,"sceneViewState":{"showFog":true,"showMaterialUpdate":true,"showSkybox":true,"showFlares":true,"showImageEffects":true,"showParticleSystems":true},"in2DMode":false,"pivot":{"x":-22.12367057800293,"y":5.585986614227295,"z":1.7225394248962403},"rotation":{"x":-0.1954217553138733,"y":0.6986727714538574,"z":-0.20813071727752686,"w":-0.6560093760490418},"size":14.043886184692383,"orthographic":false}