{"cameraMode":{"drawMode":0,"name":"Shaded","section":"Shading Mode"},"sceneLighting":false,"audioPlay":false,"sceneViewState":{"showFog":true,"showMaterialUpdate":true,"showSkybox":true,"showFlares":true,"showImageEffects":true,"showParticleSystems":true},"in2DMode":false,"pivot":{"x":0.10782027244567871,"y":0.23160827159881593,"z":-0.09724098443984986},"rotation":{"x":0.19620643556118012,"y":0.5565930008888245,"z":-0.13727685809135438,"w":0.7955265045166016},"size":2.8578836917877199,"orthographic":false}