{"cameraMode":{"drawMode":0,"name":"Shaded","section":"Shading Mode"},"sceneLighting":false,"audioPlay":false,"sceneViewState":{"showFog":true,"showMaterialUpdate":true,"showSkybox":true,"showFlares":true,"showImageEffects":true,"showParticleSystems":true},"in2DMode":false,"pivot":{"x":0.0,"y":0.08554801344871521,"z":3.7026637755843697e-8},"rotation":{"x":0.1350184828042984,"y":0.8380725383758545,"z":-0.47077831625938418,"w":0.24035871028900147},"size":0.2823084592819214,"orthographic":false}