{"cameraMode":{"drawMode":0,"name":"Shaded","section":"Shading Mode"},"sceneLighting":true,"audioPlay":false,"sceneViewState":{"showFog":true,"showMaterialUpdate":true,"showSkybox":true,"showFlares":true,"showImageEffects":true,"showParticleSystems":true},"in2DMode":false,"pivot":{"x":-71.18268585205078,"y":-77.4682846069336,"z":-84.7863998413086},"rotation":{"x":-0.07063263654708862,"y":0.9263031482696533,"z":-0.29787328839302065,"w":-0.21964727342128755},"size":208.140869140625,"orthographic":false}