{"cameraMode":{"drawMode":0,"name":"Shaded","section":"Shading Mode"},"sceneLighting":false,"audioPlay":false,"sceneViewState":{"showFog":true,"showMaterialUpdate":true,"showSkybox":true,"showFlares":true,"showImageEffects":true,"showParticleSystems":true},"in2DMode":false,"pivot":{"x":-10.01610279083252,"y":6.542002201080322,"z":1.0520715713500977},"rotation":{"x":0.19744820892810822,"y":0.7113121151924133,"z":-0.22027765214443208,"w":0.6375946998596191},"size":2.8578836917877199,"orthographic":false}