{"cameraMode":{"drawMode":0,"name":"Shaded","section":"Shading Mode"},"sceneLighting":true,"audioPlay":false,"sceneViewState":{"showFog":true,"showMaterialUpdate":true,"showSkybox":true,"showFlares":true,"showImageEffects":true,"showParticleSystems":true},"in2DMode":false,"pivot":{"x":-32.7102165222168,"y":25.35322380065918,"z":8.344980239868164},"rotation":{"x":0.028348838910460473,"y":0.9217593669891357,"z":0.06865544617176056,"w":-0.3805818557739258},"size":8.807390213012696,"orthographic":false}