{"cameraMode":{"drawMode":0,"name":"Shaded","section":"Shading Mode"},"sceneLighting":true,"audioPlay":false,"sceneViewState":{"showFog":true,"showMaterialUpdate":true,"showSkybox":true,"showFlares":true,"showImageEffects":true,"showParticleSystems":true},"in2DMode":false,"pivot":{"x":19.24945068359375,"y":52.90923309326172,"z":-53.986663818359378},"rotation":{"x":-0.2430151402950287,"y":0.6443994641304016,"z":-0.22747035324573518,"w":-0.6884405016899109},"size":8.573651313781739,"orthographic":false}