{"cameraMode":{"drawMode":0,"name":"Shaded","section":"Shading Mode"},"sceneLighting":true,"audioPlay":false,"sceneViewState":{"showFog":true,"showMaterialUpdate":true,"showSkybox":true,"showFlares":true,"showImageEffects":true,"showParticleSystems":true},"in2DMode":false,"pivot":{"x":-29.453500747680665,"y":3.5125913619995119,"z":-9.298300743103028},"rotation":{"x":0.02289208583533764,"y":-0.9768820405006409,"z":0.13927406072616578,"w":0.16056255996227265},"size":2.053396463394165,"orthographic":false}