{"cameraMode":{"drawMode":0,"name":"Shaded","section":"Shading Mode"},"sceneLighting":true,"audioPlay":false,"sceneViewState":{"showFog":true,"showMaterialUpdate":true,"showSkybox":true,"showFlares":true,"showImageEffects":true,"showParticleSystems":true},"in2DMode":false,"pivot":{"x":-32.926902770996097,"y":-1.0739991664886475,"z":-17.06825065612793},"rotation":{"x":-0.03192824125289917,"y":0.9625316858291626,"z":-0.2355719655752182,"w":-0.13045786321163178},"size":14.043886184692383,"orthographic":false}