{"cameraMode":{"drawMode":0,"name":"Shaded","section":"Shading Mode"},"sceneLighting":true,"audioPlay":false,"sceneViewState":{"showFog":true,"showMaterialUpdate":true,"showSkybox":true,"showFlares":true,"showImageEffects":true,"showParticleSystems":true},"in2DMode":false,"pivot":{"x":-38.858009338378909,"y":-85.94194030761719,"z":-155.91342163085938},"rotation":{"x":-0.011127171106636525,"y":0.9683783054351807,"z":-0.2453380674123764,"w":-0.04391962289810181},"size":224.50108337402345,"orthographic":false}