{"cameraMode":{"drawMode":0,"name":"Shaded","section":"Shading Mode"},"sceneLighting":true,"audioPlay":false,"sceneViewState":{"showFog":true,"showMaterialUpdate":true,"showSkybox":true,"showFlares":true,"showImageEffects":true,"showParticleSystems":true},"in2DMode":false,"pivot":{"x":-31.521249771118165,"y":4.048426628112793,"z":-10.56662368774414},"rotation":{"x":0.02765950933098793,"y":0.9447362422943115,"z":-0.31602442264556887,"w":0.0826864242553711},"size":1.7533965110778809,"orthographic":false}