{"cameraMode":{"drawMode":0,"name":"Shaded","section":"Shading Mode"},"sceneLighting":true,"audioPlay":false,"sceneViewState":{"showFog":true,"showMaterialUpdate":true,"showSkybox":true,"showFlares":true,"showImageEffects":true,"showParticleSystems":true},"in2DMode":false,"pivot":{"x":-32.15415573120117,"y":2.339341163635254,"z":-16.43036651611328},"rotation":{"x":-0.005427499767392874,"y":0.9906320571899414,"z":-0.13003535568714143,"w":-0.04134653881192207},"size":12.482477188110352,"orthographic":false}