{"cameraMode":{"drawMode":0,"name":"Shaded","section":"Shading Mode"},"sceneLighting":true,"audioPlay":false,"sceneViewState":{"showFog":true,"showMaterialUpdate":true,"showSkybox":true,"showFlares":true,"showImageEffects":true,"showParticleSystems":true},"in2DMode":false,"pivot":{"x":-11.042488098144532,"y":41.1527099609375,"z":62.47348403930664},"rotation":{"x":0.07695487886667252,"y":-0.9212636947631836,"z":0.29776498675346377,"w":0.23809070885181428},"size":2.053396463394165,"orthographic":false}