{"cameraMode":{"drawMode":0,"name":"Shaded","section":"Shading Mode"},"sceneLighting":false,"audioPlay":false,"sceneViewState":{"showFog":true,"showMaterialUpdate":true,"showSkybox":true,"showFlares":true,"showImageEffects":true,"showParticleSystems":true},"in2DMode":false,"pivot":{"x":-5.081045150756836,"y":5.594696521759033,"z":2.110962390899658},"rotation":{"x":0.21510320901870728,"y":0.7695373296737671,"z":-0.3288182020187378,"w":0.5034099221229553},"size":2.8578836917877199,"orthographic":false}